Sample_3	2	TGGTGA	Pool-1:4
Sample_4	3	AGTGAG	Pool-1:4
Sample_5	4	GCACTA	Pool-1:4
Sample_6	5	ACCTCA	Pool-1:4
Sample_7	6	GTGCTT	Pool-1:4
Sample_8	7	AAGCCT	Pool-1:4
Sample_14	13	CGTAGA	Pool-1:4
Sample_15	14	TCAGAG	Pool-1:4
Sample_16	15	CACAGT	Pool-1:4
Sample_9	8	GTCGTA	Pool-5:8
Sample_10	9	AAGAGG	Pool-5:8
Sample_11	10	GGAGAA	Pool-5:8
Sample_12	11	AGCATG	Pool-5:8
Sample_13	12	GAGTCA	Pool-5:8
Sample_17	16	TTGGCA	Pool-5:8
Sample_18	13	CGTAGA	Pool-5:8
Sample_19	14	TCAGAG	Pool-5:8
Sample_20	15	CACAGT	Pool-5:8
